{"ATIAR PRIMARY SCHOOL\n": [1.06458902, 34.16195297], "BARBARCHUN PRIMARY SCHOOL\n": [36.09167099, -94.16194153], "BARINDER NURSERY SCHOOL\n": [28.92388153, -97.09841156], "BARITWO NURSERY SCHOOL\n": [27.90099716, -81.84143829], "BARSUSWO TRADING CENTRE\n": [2.77385807, 31.0378685], "BARTABWA PRIMARY SCHOOL\n": [0.83329999, 35.79999924], "BORUIYO PRIMARY SCHOOL\n": [1.06458902, 34.16195297], "ATIAR PRIMARY SCHOOL": [1.06458902, 34.16195297], "BARBARCHUN PRIMARY SCHOOL": [36.09167099, -94.16194153], "BARINDER NURSERY SCHOOL": [28.92388153, -97.09841156], "BARITWO NURSERY SCHOOL": [27.90099716, -81.84143829], "BARSUSWO TRADING CENTRE": [2.77385807, 31.0378685], "BARTABWA PRIMARY SCHOOL": [0.83329999, 35.79999924], "BORUIYO PRIMARY SCHOOL": [1.06458902, 34.16195297], "CHABIN PRIMARY SCHOOL": [1.06458902, 34.16195297]}